"Transaction Hash","Blockno","UnixTimestamp","DateTime (UTC)","From","To","ContractAddress","Value_IN(ETH)","Value_OUT(ETH)","CurrentValue @ $3994.67355714094/Eth","TxnFee(ETH)","TxnFee(USD)","Historical $Price/Eth","Status","ErrCode","Method"
"0x5b3b8e1a484141423b708b5e13f0222346ac5a0629f3b7a1e2bab955a44ec4b3","9806917","1586021705","2020-04-04 17:35:05","0xb256caa23992e461e277cfa44a2fd72e2d6d2344","0xa102397dbeebefd8cd2f73a89122fcdb53abb6ef","","0.00045","0","1.79760310071342","0.000168","0.671105157599678","144.49","","","Transfer"
"0xf6fdb0b2d865907e1e9ee77553288a84bc1d54a3ffc82131313d180489067bde","9806922","1586021810","2020-04-04 17:36:50","0xa102397dbeebefd8cd2f73a89122fcdb53abb6ef","0xdac17f958d2ee523a2206206994597c13d831ec7","","0","0","0","0.000131105","0.523721676708963","144.49","","","Transfer"
"0xc057104cc5637d9d5e57befcca345e8ecd6d6050506de6f32bc4e0e2bff2843a","11678837","1610967398","2021-01-18 10:56:38","0xa102397dbeebefd8cd2f73a89122fcdb53abb6ef","0xdac17f958d2ee523a2206206994597c13d831ec7","","0","0","0","0.00131045","5.23481996295534","1258.31","","","Transfer"
"0x480e83831421d18df9cd366fa5217aee525b8530481ea9cf0234dcfd50f87e07","11684734","1611045997","2021-01-19 08:46:37","0x35558d816c1fba4c8f0e65a733f5bfada4c3f938","0xa102397dbeebefd8cd2f73a89122fcdb53abb6ef","","0.048051890942578784","0","191.95161811894","0.002037","8.1371500358961","1367.65","","","Transfer"
"0x6559fcc264aeba0d5497c808654a1e2b049ba7f4ab28ebdf04c54c91e9d6ded9","11686873","1611074156","2021-01-19 16:35:56","0xa102397dbeebefd8cd2f73a89122fcdb53abb6ef","0xdac17f958d2ee523a2206206994597c13d831ec7","","0","0","0","0.0026209","10.4696399259107","1367.65","","","Transfer"
"0xde6bf2f4ee82f9176a2c491aef75737e4a2c7be38e48bdedbc10aba5dbb996fd","11714008","1611433843","2021-01-23 20:30:43","0xea674fdde714fd979de3edf0f56aa9716b898ec8","0xa102397dbeebefd8cd2f73a89122fcdb53abb6ef","","0.050073325797808496","0","200.026590482609","0.000021","0.0838881446999597","1234.10","","","Transfer"
"0x431503d5c7871176b3528664a7d9f67d9f930288c656d6f057eae0083af2a53e","11732875","1611684142","2021-01-26 18:02:22","0xea674fdde714fd979de3edf0f56aa9716b898ec8","0xa102397dbeebefd8cd2f73a89122fcdb53abb6ef","","0.050069945466107982","0","200.01308716095","0.000021","0.0838881446999597","1368.22","","","Transfer"
"0x86e1d6870b8c76f2454a2bf41cc7901143ccb51cf303e80b5096a7fb206fc9eb","11752646","1611947981","2021-01-29 19:19:41","0x26352d20e6a05e04a1ecc75d4a43ae9989272621","0xa102397dbeebefd8cd2f73a89122fcdb53abb6ef","","0.01200475","0","47.9550573850877","0.001869","7.46604487829642","1379.13","","","Transfer"
"0xaa9e26ec1f5c7a7be3405f7975507dc527f36112cf736c39a949c98efd6bb5f6","11757604","1612013784","2021-01-30 13:36:24","0xea674fdde714fd979de3edf0f56aa9716b898ec8","0xa102397dbeebefd8cd2f73a89122fcdb53abb6ef","","0.0500342450175877","0","199.870475523268","0.000021","0.0838881446999597","1379.35","","","Transfer"
"0xf6e34142e60fd0569ac89280345e51dc47e2b420240e91d3b3702b1924f145a4","11776174","1612260238","2021-02-02 10:03:58","0x35558d816c1fba4c8f0e65a733f5bfada4c3f938","0xa102397dbeebefd8cd2f73a89122fcdb53abb6ef","","0.177787601355587158","0","710.203429922679","0.003381","13.5059912966935","1513.90","","","Transfer"
"0x58a256df0d82f43ef3cc8b89ef13ee24019d331434ada4b86d9e276ad6d09f17","11783709","1612360676","2021-02-03 13:57:56","0xea674fdde714fd979de3edf0f56aa9716b898ec8","0xa102397dbeebefd8cd2f73a89122fcdb53abb6ef","","0.050046298329343603","0","199.918624569016","0.000021","0.0838881446999597","1667.22","","","Transfer"
"0x70ef753f4f84e7f745560b09ab10a32f2dc52e421610b4a10211555f3795911e","11803973","1612630449","2021-02-06 16:54:09","0xea674fdde714fd979de3edf0f56aa9716b898ec8","0xa102397dbeebefd8cd2f73a89122fcdb53abb6ef","","0.050061555204121115","0","199.979570803254","0.000021","0.0838881446999597","1679.14","","","Transfer"
"0x45e652e143883f0738be614477027953f91ef69250bcf7f6878673049d1ca59a","11828305","1612954028","2021-02-10 10:47:08","0xea674fdde714fd979de3edf0f56aa9716b898ec8","0xa102397dbeebefd8cd2f73a89122fcdb53abb6ef","","0.050165318725800294","0","200.394072199502","0.000021","0.0838881446999597","1743.00","","","Transfer"
"0xf9e1a431bfc1a3ac7d6c0bdd8b9d5735b6ef9c4d5a803e818a01a70104341ba0","11860800","1613384735","2021-02-15 10:25:35","0xea674fdde714fd979de3edf0f56aa9716b898ec8","0xa102397dbeebefd8cd2f73a89122fcdb53abb6ef","","0.100049229909437994","0","399.664013131546","0.000021","0.0838881446999597","1779.40","","","Transfer"
"0x92c3bc048bdca2996093f2a9da89390feb3309a02c34f74a6a42ac144ca15e44","11889368","1613764655","2021-02-19 19:57:35","0xea674fdde714fd979de3edf0f56aa9716b898ec8","0xa102397dbeebefd8cd2f73a89122fcdb53abb6ef","","0.100146673660397151","0","400.053269106812","0.000021","0.0838881446999597","1957.47","","","Transfer"
"0x0c558aecfadacec1bf92597813b42a4ad135036fd9e516dc2b608a528b55d205","11912593","1614074212","2021-02-23 09:56:52","0xea674fdde714fd979de3edf0f56aa9716b898ec8","0xa102397dbeebefd8cd2f73a89122fcdb53abb6ef","","0.100435965952980661","0","401.20889737828","0.000021","0.0838881446999597","1578.19","","","Transfer"
"0x9a1bdbc5bbdcc43fb8c7ee6de8242375343eb0af2de34e4dfb20182afad1ebfa","11940381","1614442882","2021-02-27 16:21:22","0xea674fdde714fd979de3edf0f56aa9716b898ec8","0xa102397dbeebefd8cd2f73a89122fcdb53abb6ef","","0.10012692915324109","0","399.974396246176","0.000021","0.0838881446999597","1460.23","","","Transfer"
"0x97593c0fee9c4933f14fa0a8f4a54eb8446787046f908828700a4ed8cf662ac1","11973862","1614888491","2021-03-04 20:08:11","0xea674fdde714fd979de3edf0f56aa9716b898ec8","0xa102397dbeebefd8cd2f73a89122fcdb53abb6ef","","0.100020390030053346","0","399.548807227977","0.000021","0.0838881446999597","1538.37","","","Transfer"
"0xaf0052ee0a676feb156de5778cbb14f70cef2e7918259867ac202c1f3929fabe","12009318","1615359643","2021-03-10 07:00:43","0xea674fdde714fd979de3edf0f56aa9716b898ec8","0xa102397dbeebefd8cd2f73a89122fcdb53abb6ef","","0.100018721865806463","0","399.542143456371","0.000021","0.0838881446999597","1795.63","","","Transfer"
"0x62ed1340c36d3952a68f1851ec1ba9477c86bbd1a1eb315755374691b4aea58c","12036088","1615717011","2021-03-14 10:16:51","0x35558d816c1fba4c8f0e65a733f5bfada4c3f938","0xa102397dbeebefd8cd2f73a89122fcdb53abb6ef","","0.153245","0","612.163749264063","0.002772","11.0732351003947","1848.69","","","Transfer"
"0x3b42ef280f23864d2d5c12795db0e60f536cfaddb9c4daeba9e5fc22013bd584","12081039","1616315321","2021-03-21 08:28:41","0xea674fdde714fd979de3edf0f56aa9716b898ec8","0xa102397dbeebefd8cd2f73a89122fcdb53abb6ef","","0.050078997039099917","0","200.049245240232","0.000021","0.0838881446999597","1783.94","","","Transfer"
"0xa9b3b6b4013d414c5b964c3432d0abbca36e056a2690e6bf0a0bd813c249c172","12114174","1616755749","2021-03-26 10:49:09","0xea674fdde714fd979de3edf0f56aa9716b898ec8","0xa102397dbeebefd8cd2f73a89122fcdb53abb6ef","","0.100002527371625103","0","399.477451738694","0.000021","0.0838881446999597","1699.89","","","Transfer"
"0x2a0dc23fb082da5acb37c2c672df28c3ee9752f57e57934ce8b7d2fec17ff918","12149256","1617221900","2021-03-31 20:18:20","0xea674fdde714fd979de3edf0f56aa9716b898ec8","0xa102397dbeebefd8cd2f73a89122fcdb53abb6ef","","0.100123011347792956","0","399.958745892351","0.000021","0.0838881446999597","1919.08","","","Transfer"
"0xea298f49b4ba85d2bd34c06646c22953897bae92f8e93bc07e55cbfc84e126c6","12165475","1617437474","2021-04-03 08:11:14","0x35558d816c1fba4c8f0e65a733f5bfada4c3f938","0xa102397dbeebefd8cd2f73a89122fcdb53abb6ef","","1.593139019832274431","0","6364.07031537342","0.003591","14.3448727436931","2009.19","","","Transfer"
"0xd38a0dc37e3176df835b1911a879361d9ae070d5bc0b8869edc0210d566d5712","12185132","1617698799","2021-04-06 08:46:39","0xea674fdde714fd979de3edf0f56aa9716b898ec8","0xa102397dbeebefd8cd2f73a89122fcdb53abb6ef","","0.100037481674161382","0","399.617082766744","0.000021","0.0838881446999597","2112.29","","","Transfer"
"0x4e36cc2178b6d0372e46f2288c8db938b6bbb631880c56f4d830ee1047fef22c","12225949","1618239898","2021-04-12 15:04:58","0xea674fdde714fd979de3edf0f56aa9716b898ec8","0xa102397dbeebefd8cd2f73a89122fcdb53abb6ef","","0.100157628017854829","0","400.097028188883","0.000021","0.0838881446999597","2137.79","","","Transfer"
"0xf4f441e8a978189be1908a63dc654d05eafe6c562b1bca913416e0066549658d","12244138","1618482808","2021-04-15 10:33:28","0xa102397dbeebefd8cd2f73a89122fcdb53abb6ef","0xe5f4990e19d6847f6da9c466fcd8fa0d2f600aca","","0","3.333899051693660455","13317.8383839779","0.001365","5.45272940549738","2517.08","","","Transfer"
"0x67d3de03b7901b4e56643ffb05c14dbe344aee8f8be9eadf6328024e7f3c2c5b","12270490","1618835149","2021-04-19 12:25:49","0xea674fdde714fd979de3edf0f56aa9716b898ec8","0xa102397dbeebefd8cd2f73a89122fcdb53abb6ef","","0.100020620418435652","0","399.549727554356","0.000021","0.0838881446999597","2163.36","","","Transfer"
"0x4cce0c6ed83806800f473d01da32dfa1c95d8876fbcb14540c741d6190636c6e","12301667","1619250361","2021-04-24 07:46:01","0x35558d816c1fba4c8f0e65a733f5bfada4c3f938","0xa102397dbeebefd8cd2f73a89122fcdb53abb6ef","","0.04","0","159.786942285638","0.001827","7.2982685888965","2216.56","","","Transfer"
"0x855991d8c891eea66fa663a7f8c023d670da9b7ae81418eb6fc399a864bbd592","12312075","1619388839","2021-04-25 22:13:59","0xea674fdde714fd979de3edf0f56aa9716b898ec8","0xa102397dbeebefd8cd2f73a89122fcdb53abb6ef","","0.100011822018235052","0","399.51458081773","0.000021","0.0838881446999597","2322.14","","","Transfer"
"0xb82ae69d4bf6b1279c6f4161a9f453cee7ca313583c285f332102cee6d5cb449","12327566","1619594923","2021-04-28 07:28:43","0x35558d816c1fba4c8f0e65a733f5bfada4c3f938","0xa102397dbeebefd8cd2f73a89122fcdb53abb6ef","","0.037","0","147.802921614215","0.0012285","4.90745646494764","2750.91","","","Transfer"
"0x80063c403ed1f9ada5b4ab9c02fe67ada70b03ce87f104dfe79acd6c4c32048a","12357396","1619993910","2021-05-02 22:18:30","0xea674fdde714fd979de3edf0f56aa9716b898ec8","0xa102397dbeebefd8cd2f73a89122fcdb53abb6ef","","0.08652710128482108","0","345.647523478531","0.000021","0.0838881446999597","2954.22","","","Transfer"
"0xa2d2a7d53c0f115ae2891a53aa7cc001ad93e0a84e1aabf6bc4f1e23600a4572","12402824","1620598773","2021-05-09 22:19:33","0xea674fdde714fd979de3edf0f56aa9716b898ec8","0xa102397dbeebefd8cd2f73a89122fcdb53abb6ef","","0.091869207459998868","0","366.987493755953","0.000021","0.0838881446999597","3927.06","","","Transfer"
"0xadfed9b39f052e45bfa5ffc4dc42b1737a77ff548a045af0c7baeab307c38503","12434217","1621017755","2021-05-14 18:42:35","0xea674fdde714fd979de3edf0f56aa9716b898ec8","0xa102397dbeebefd8cd2f73a89122fcdb53abb6ef","","0.100032941352455866","0","399.598945663686","0.000021","0.0838881446999597","4087.02","","","Transfer"
"0xc4fa0981c1fe29b896477459cb5a4ee4bd2ad9ea6005c28d07e91f159dff37a9","12477596","1621598971","2021-05-21 12:09:31","0xea674fdde714fd979de3edf0f56aa9716b898ec8","0xa102397dbeebefd8cd2f73a89122fcdb53abb6ef","","0.100003053753328162","0","399.479554461764","0.000021","0.0838881446999597","2435.86","","","Transfer"
"0x41c381640086a6f41a4844f33415a0fe921409b9c859bb611cb2f7bb857a0c88","12522773","1622204143","2021-05-28 12:15:43","0xea674fdde714fd979de3edf0f56aa9716b898ec8","0xa102397dbeebefd8cd2f73a89122fcdb53abb6ef","","0.076727288382748114","0","306.500470013691","0.000021","0.0838881446999597","2412.36","","","Transfer"
"0xd588b34b21e4620b52fe78681622a04122bc91a76f226a0a367315c53416f043","12591346","1623120939","2021-06-08 02:55:39","0xea674fdde714fd979de3edf0f56aa9716b898ec8","0xa102397dbeebefd8cd2f73a89122fcdb53abb6ef","","0.100013692009044946","0","399.52205082057","0.000021","0.0838881446999597","2509.23","","","Transfer"
"0x6d23a7b995ba3c6f4810e8ed038930120f5afda0db4811b0cb50d3e5d3144de8","12592726","1623139964","2021-06-08 08:12:44","0xa102397dbeebefd8cd2f73a89122fcdb53abb6ef","0xe5f4990e19d6847f6da9c466fcd8fa0d2f600aca","","0","0.83195372667906774","3323.38355272973","0.000252","1.00665773639952","2509.23","","","Transfer"
"0xaa3b1706ecb1789fe9834ffda4cbd404ae333f47c87305d4ddb7ff5b6c4db67b","12666022","1624122188","2021-06-19 17:03:08","0xea674fdde714fd979de3edf0f56aa9716b898ec8","0xa102397dbeebefd8cd2f73a89122fcdb53abb6ef","","0.100073713441692802","0","399.76181685043","0.000021","0.0838881446999597","2166.61","","","Transfer"
"0xbd7e962b2942718d145c74cd07e6fadfd7e77bdb1501ff62ed34deab00d1aaf2","12912953","1627455029","2021-07-28 06:50:29","0xea674fdde714fd979de3edf0f56aa9716b898ec8","0xa102397dbeebefd8cd2f73a89122fcdb53abb6ef","","0.032442647957250699","0","129.597787918462","0.000021","0.0838881446999597","2301.12","","","Transfer"
